date,"Canada and Newfoundland 16, 17","Mexico 17,18"
1820,2297,3835
1830,11875,7187
1840,34285,3069
1850,64171,3446
1860,117978,1957
1870,324310,5133
1880,492865,2405
1890,3098,734
1900,123067,31188
1910,708715,185334
1920,949286,498945
1930,162703,32709
1940,160911,56158
1950,353169,273847
1960,433128,441824
1970,179267,621218
1980,156313,1009586
1990,194788,2757418
2000,236349,1704166
2010,19491,138717
